{"init_params": {"cat_dims": [], "cat_emb_dim": [], "cat_idxs": [], "clip_value": 1, "device_name": "auto", "epsilon": 1e-15, "gamma": 1.488711697588482, "grouped_features": [], "input_dim": 13, "lambda_sparse": 0.0003755230337921128, "mask_type": "sparsemax", "momentum": 0.02, "n_a": 24, "n_d": 25, "n_indep_decoder": 1, "n_independent": 2, "n_shared": 2, "n_shared_decoder": 1, "n_steps": 10, "optimizer_params": {"lr": 0.04346457343997909}, "output_dim": 2, "scheduler_params": {"step_size": 10, "gamma": 0.9}, "seed": 2025, "verbose": 1}, "class_attrs": {"preds_mapper": {"0": 0, "1": 1}}}